GrJP9FLV3FE,XGBoost in Python from Start to Finish,2020-08-01T18:13:06Z,NOTE: You can support StatQuest by purchasing the Jupyter Notebook and Python code seen in this video here: https://statquest.gumroad.com/l/uroxoSupport StatQuest by buying The StatQuest Illustrated Guide to Machine Learning!!!PDF - https://statquest.gumroad.com/l/wvtmcPaperback - https://www.amazon.com/dp/B09ZCKR4H6Kindle eBook - https://www.amazon.com/dp/B09ZG79HXC,2020-08-01T18:13:24Z,2022-05-08T11:03:55Z,32
GrJP9FLV3FE,XGBoost in Python from Start to Finish,2020-08-01T18:13:06Z,I get an error at the following line:plot_confusion_matrix(clf_xgb                      X_test                      y_test                      values_format='d'                      display_labels=[Did not leave Left]) Looks like plot_confusion_matrix is deprecated? The error is here:---------------------------------------------------------------------------XGBoostError                              Traceback (most recent call last)/var/folders/cm/vqsqnkqn19x8nz5_d5912hhrzh0cg1/T/ipykernel_37155/2937921683.py in <module>----> 1 plot_confusion_matrix(clf_xgb      2                       X_test      3                       y_test      4                       values_format='d'      5                       display_labels=[Did not leave Left])~/opt/anaconda3/lib/python3.9/site-packages/sklearn/utils/validation.py in inner_f(*args **kwargs)     61             extra_args = len(args) - len(all_args)     62             if extra_args <= 0:---> 63                 return f(*args **kwargs)     64      65             # extra_args > 0~/opt/anaconda3/lib/python3.9/site-packages/sklearn/metrics/_plot/confusion_matrix.py in plot_confusion_matrix(estimator X y_true labels sample_weight normalize display_labels include_values xticks_rotation values_format cmap ax colorbar)    261         raise ValueError(plot_confusion_matrix only supports classifiers)    262 --> 263     y_pred = estimator.predict(X)    264     cm = confusion_matrix(y_true y_pred sample_weight=sample_weight    265                           labels=labels normalize=normalize)~/opt/anaconda3/lib/python3.9/site-packages/xgboost/sklearn.py in predict(self X output_margin ntree_limit validate_features base_margin iteration_range)   1282         iteration_range: Optional[Tuple[int int]] = None   1283     ) -> np.ndarray:-> 1284         class_probs = super().predict(   1285             X=X   1286             output_margin=output_margin~/opt/anaconda3/lib/python3.9/site-packages/xgboost/sklearn.py in predict(self X output_margin ntree_limit validate_features base_margin iteration_range)    879         if self._can_use_inplace_predict():    880             try:--> 881                 predts = self.get_booster().inplace_predict(    882                     data=X    883                     iteration_range=iteration_range~/opt/anaconda3/lib/python3.9/site-packages/xgboost/core.py in inplace_predict(self data iteration_range predict_type missing validate_features base_margin strict_shape)   2032             from .data import _ensure_np_dtype   2033             data _ = _ensure_np_dtype(data data.dtype)-> 2034             _check_call(   2035                 _LIB.XGBoosterPredictFromDense(   2036                     self.handle~/opt/anaconda3/lib/python3.9/site-packages/xgboost/core.py in _check_call(ret)    216         217     if ret != 0:--> 218         raise XGBoostError(py_str(_LIB.XGBGetLastError()))    219     220 XGBoostError: [17:07:24] ../src/c_api/c_api_utils.h:161: Invalid missing value: nullStack trace:  [bt] (0) 1   libxgboost.dylib                    0x00000001222a1a54 dmlc::LogMessageFatal::~LogMessageFatal() + 116  [bt] (1) 2   libxgboost.dylib                    0x000000012229b28e xgboost::GetMissing(xgboost::Json const&) + 286  [bt] (2) 3   libxgboost.dylib                    0x00000001222a9454 void InplacePredictImpl<xgboost::data::ArrayAdapter>(std::__1::shared_ptr<xgboost::data::ArrayAdapter> std::__1::shared_ptr<xgboost::DMatrix> char const* xgboost::Learner* unsigned long unsigned long unsigned long long const** unsigned long long* float const**) + 516  [bt] (3) 4   libxgboost.dylib                    0x00000001222a8f28 XGBoosterPredictFromDense + 344  [bt] (4) 5   libffi.7.dylib                      0x000000010d9bcead ffi_call_unix64 + 85,2022-06-17T21:23:46Z,2022-06-17T21:23:46Z,0
GrJP9FLV3FE,XGBoost in Python from Start to Finish,2020-08-01T18:13:06Z,Hi Josh for the numerical variable do you still code missing data as 0? if so this 0 could be misleading to a real zero right?,2022-06-02T19:23:08Z,2022-06-02T19:23:08Z,0
GrJP9FLV3FE,XGBoost in Python from Start to Finish,2020-08-01T18:13:06Z,Thank you for this great tutorial Josh! Your videos have immensely helped in understanding some of the complex topics. One thing I noticed while watching this tutorial is the handling of categorical features. I think the explanation you gave for Why not to use LabelEncoding? is applicable for models like Linear Regression SVM NN but not for Trees because they only focus on the order of the feature values. For example in a set of [1234] threshold < 1.5 would be equivalent to threshold == 1. Please let me know if my thought process in wrong.,2022-05-27T20:47:30Z,2022-05-27T20:47:30Z,0
GrJP9FLV3FE,XGBoost in Python from Start to Finish,2020-08-01T18:13:06Z,Hi I'm just playing with the code and I get an error in the 'Build a preliminary XGBoost Model' section. The ValueError: 2 different 'eval_metric' are provided. Use the one in constructor or 'set_params' instead. Can you advise on how to fix this please as I'm a noob :D,2022-05-27T10:23:07Z,2022-05-27T10:23:25Z,0
GrJP9FLV3FE,XGBoost in Python from Start to Finish,2020-08-01T18:13:06Z,Thank you for the great work!,2022-05-27T02:41:16Z,2022-05-27T02:41:16Z,1
GrJP9FLV3FE,XGBoost in Python from Start to Finish,2020-08-01T18:13:06Z,Thank you for this XGBoost tutorial video. It makes people like me so easy to follow. In this tutorial you printed gain cover total_gain and total_cover at https://youtu.be/GrJP9FLV3FE?t=3231. It reminds me that you showed us how to calculate gain at https://youtu.be/8b1JEDvenQU?t=457 and cover at https://youtu.be/8b1JEDvenQU?t=606 in your XGBoost Part 2 (of 4): Classification video. Can you explain which of gain cover total_gain and total_cover in this tutorial are gain and cover in XGBoost Part 2 (of 4): Classification video? I am still a bit confused after reading XGBoost Python API doc.,2022-05-26T02:19:09Z,2022-05-26T02:19:09Z,0
GrJP9FLV3FE,XGBoost in Python from Start to Finish,2020-08-01T18:13:06Z,Thanks!,2022-05-25T01:16:47Z,2022-05-25T01:16:47Z,1
GrJP9FLV3FE,XGBoost in Python from Start to Finish,2020-08-01T18:13:06Z,Can't thank you enough for the clearest and best explanation on YouTube <3,2022-05-24T14:08:09Z,2022-05-24T14:08:09Z,1
GrJP9FLV3FE,XGBoost in Python from Start to Finish,2020-08-01T18:13:06Z,Thank you so much^^,2022-05-19T09:48:16Z,2022-05-19T09:48:16Z,1
GrJP9FLV3FE,XGBoost in Python from Start to Finish,2020-08-01T18:13:06Z,Quick note: At 43:30 instead of using the plot_confusion_matrix() which is now depreciated you need to use ConfusionMatrixDisplay.from_estimator(). This can be done as follows:Include: from sklearn.metrics import ConfusionMatrixDisplay at the start with the other imports. Then when printing the confusion matrix you need to use the line: ConfusionMatrixDisplay.from_estimator(clf_xgb X_test y_test display_labels=[Did not leave Left]),2022-05-17T14:40:56Z,2022-05-17T14:40:56Z,1
GrJP9FLV3FE,XGBoost in Python from Start to Finish,2020-08-01T18:13:06Z,Awesome teaching thanks for making this video could you make some kind of special price bundle option in your website if someone is planning to buy all your Study guides at once?,2022-05-15T00:25:59Z,2022-05-15T00:25:59Z,1
GrJP9FLV3FE,XGBoost in Python from Start to Finish,2020-08-01T18:13:06Z,Great video! Can you do a video on EBM (explainable Boosting machines) please?! This would be really helpful - thanks!,2022-05-12T13:58:01Z,2022-05-12T13:58:01Z,0
GrJP9FLV3FE,XGBoost in Python from Start to Finish,2020-08-01T18:13:06Z,can i use this to predict stock market ? for time series forecasting ?,2022-05-08T17:52:20Z,2022-05-08T17:52:20Z,0
GrJP9FLV3FE,XGBoost in Python from Start to Finish,2020-08-01T18:13:06Z,Thank you for the awesomeness!!,2022-05-07T11:16:56Z,2022-05-07T11:16:56Z,1
GrJP9FLV3FE,XGBoost in Python from Start to Finish,2020-08-01T18:13:06Z,I have a question about handling the pd.get_dummies(). When it is used for gender it turns out the ( M or F) to  a  single column of 1 and 0. But if get_dummies is used for a column that has 3 or more unique values it creates columns equal to number of unique values. Isn't it better to use argument drop_first=True to reduce the redundancy. If not when do you recommend to use this argument?  BTW thanks a lot for these great videos! I have learned a lot.,2022-04-20T05:35:28Z,2022-04-20T05:35:28Z,0
GrJP9FLV3FE,XGBoost in Python from Start to Finish,2020-08-01T18:13:06Z,Expected to prune features based on their importance - feature selection!?,2022-04-12T18:04:26Z,2022-04-12T18:04:26Z,0
GrJP9FLV3FE,XGBoost in Python from Start to Finish,2020-08-01T18:13:06Z,XGBoost works with categorical data as well. Why did you encode those columns??,2022-04-12T17:36:57Z,2022-04-12T17:36:57Z,0
GrJP9FLV3FE,XGBoost in Python from Start to Finish,2020-08-01T18:13:06Z,Great one!,2022-04-11T15:12:29Z,2022-04-11T15:12:29Z,1
GrJP9FLV3FE,XGBoost in Python from Start to Finish,2020-08-01T18:13:06Z,I love your teaching style. Extremely helpful for a beginner like me. Really helped me a lot in my exams. No words. You are the best!!!!,2022-04-06T04:29:15Z,2022-04-06T04:29:15Z,2
ap2SS0-XPcE,|XGBoost Model in Python || Tutorial || Machine Learning|,2021-05-17T15:43:40Z,Your justification for learning rate is not right.,2022-05-16T02:09:30Z,2022-05-16T02:09:30Z,0
ap2SS0-XPcE,|XGBoost Model in Python || Tutorial || Machine Learning|,2021-05-17T15:43:40Z,How do you do it for Multiclass classification?,2022-05-02T02:41:45Z,2022-05-02T02:41:45Z,0
ap2SS0-XPcE,|XGBoost Model in Python || Tutorial || Machine Learning|,2021-05-17T15:43:40Z,I have a question. What are the two classes here that are being separated.,2022-04-16T07:21:38Z,2022-04-16T07:21:38Z,0
ap2SS0-XPcE,|XGBoost Model in Python || Tutorial || Machine Learning|,2021-05-17T15:43:40Z,where is the data?,2022-04-15T07:42:53Z,2022-04-15T07:42:53Z,0
ap2SS0-XPcE,|XGBoost Model in Python || Tutorial || Machine Learning|,2021-05-17T15:43:40Z,Thanks for the video!  Great learning experience.,2022-03-25T03:10:48Z,2022-03-25T03:10:48Z,0
ap2SS0-XPcE,|XGBoost Model in Python || Tutorial || Machine Learning|,2021-05-17T15:43:40Z,I have a question about the Xgboost algorithm. The question is how parallelization works in the Xgboost algorithm and explain me with an example.,2022-03-11T22:22:54Z,2022-03-11T22:22:54Z,0
ap2SS0-XPcE,|XGBoost Model in Python || Tutorial || Machine Learning|,2021-05-17T15:43:40Z,Excellent Work . Thank you so much,2022-03-07T01:42:42Z,2022-03-07T01:42:42Z,1
ap2SS0-XPcE,|XGBoost Model in Python || Tutorial || Machine Learning|,2021-05-17T15:43:40Z,How can parallelization work in the Xgboost algorithm?  Please explain it with an example,2022-03-06T10:20:50Z,2022-03-06T10:20:50Z,0
ap2SS0-XPcE,|XGBoost Model in Python || Tutorial || Machine Learning|,2021-05-17T15:43:40Z,i have a doubt‚Ä¶‚Ä¶during cross validation where we choose which model to use i am getting some accuracy but after hyperparameter tuning  the accuracy jumps by 2 %  Is this normal?This is in XGboost,2022-02-09T15:56:13Z,2022-02-09T15:56:33Z,0
ap2SS0-XPcE,|XGBoost Model in Python || Tutorial || Machine Learning|,2021-05-17T15:43:40Z,where can i get the api of XGboost?,2022-01-19T06:16:09Z,2022-01-19T06:16:09Z,0
ap2SS0-XPcE,|XGBoost Model in Python || Tutorial || Machine Learning|,2021-05-17T15:43:40Z,Thank you this was explained really well. I'm working on a scorecard model with over 400 variables can we use 'from xgboost import plot_importance' to print out the important features post hyper-parameter tuning and training the model and then re-run the model with subset features?,2021-11-15T12:52:36Z,2021-11-15T13:16:07Z,0
ap2SS0-XPcE,|XGBoost Model in Python || Tutorial || Machine Learning|,2021-05-17T15:43:40Z,Hey man you doin' a good job! Why u stop making videos?,2021-11-07T14:15:02Z,2021-11-07T14:15:02Z,1
ap2SS0-XPcE,|XGBoost Model in Python || Tutorial || Machine Learning|,2021-05-17T15:43:40Z,Exactly what I needed. Explained very clearly. Thank You.,2021-11-06T00:17:50Z,2021-11-06T00:17:50Z,1
ap2SS0-XPcE,|XGBoost Model in Python || Tutorial || Machine Learning|,2021-05-17T15:43:40Z,all the advanced terms are simply described. Thanks Harsh.,2021-10-05T12:43:12Z,2021-10-05T12:43:12Z,1
ap2SS0-XPcE,|XGBoost Model in Python || Tutorial || Machine Learning|,2021-05-17T15:43:40Z,Thank you for the great content. I'm wondering why don't you use early_stopping_rounds during grid search? That way you could set num_trees to a fixed big number (like you did later when building the final model) and don't have to grid search over it. Also using your approach you probably overfit during grid search (due to the high number of estimators) and only get the best parameters when using all of the 1000 2000 or 3000 trees. In the final model due to the fact that you use early_stopping_rounds a different number of estimators will be used and therefore the optimal hyperparamters from the grid search are probably not the optimal hyperparameters for the final model. What do you think about it?,2021-08-25T15:37:56Z,2021-08-25T15:37:56Z,1
ap2SS0-XPcE,|XGBoost Model in Python || Tutorial || Machine Learning|,2021-05-17T15:43:40Z,Good video sir  Thanks for making videos and educating us,2021-08-18T14:08:31Z,2021-08-18T14:08:31Z,1
ap2SS0-XPcE,|XGBoost Model in Python || Tutorial || Machine Learning|,2021-05-17T15:43:40Z,How does this not have more views!? Excellent video EXACTLY what I needed to finish my project at work. This video could have saved me 10 hours of head scratching if I had seen it sooner.,2021-07-09T21:02:37Z,2021-07-09T21:02:37Z,13
ap2SS0-XPcE,|XGBoost Model in Python || Tutorial || Machine Learning|,2021-05-17T15:43:40Z,Great content...,2021-07-03T16:55:18Z,2021-07-03T16:55:18Z,0
ap2SS0-XPcE,|XGBoost Model in Python || Tutorial || Machine Learning|,2021-05-17T15:43:40Z,I appreciate your effort.,2021-07-03T16:40:51Z,2021-07-03T16:40:51Z,0
ap2SS0-XPcE,|XGBoost Model in Python || Tutorial || Machine Learning|,2021-05-17T15:43:40Z,Really awesome.,2021-07-03T16:39:03Z,2021-07-03T16:39:03Z,0
rMeq9khzdvM,Practical Machine learning Tutorial : XGBoost implementation in Python,2020-12-15T20:28:35Z,Your explanation is simple and clear. Please make more videos in Machine Learning with practical code examples.,2022-04-28T21:32:49Z,2022-04-28T21:32:49Z,0
rMeq9khzdvM,Practical Machine learning Tutorial : XGBoost implementation in Python,2020-12-15T20:28:35Z,hello sir where can i see the next part of this video thank you,2022-04-20T02:33:10Z,2022-04-20T02:33:10Z,1
VgDe0gwesrw,Python Tutorial : When should I use XGBoost?,2020-04-09T02:17:17Z,I have a question about the Xgboost algorithm. The question is how parallelization works in the Xgboost algorithm and explain me with an example.,2022-03-11T22:26:20Z,2022-03-11T22:26:20Z,0
VgDe0gwesrw,Python Tutorial : When should I use XGBoost?,2020-04-09T02:17:17Z,What is meaning by features?,2021-02-08T15:03:21Z,2021-02-08T15:03:21Z,0
OQKQHNCVf5k,XGBoost: How it works with an example.,2020-02-11T21:07:51Z,could you kindly provide the link for the full playlist? thx,2022-06-25T15:41:27Z,2022-06-25T15:41:27Z,0
OQKQHNCVf5k,XGBoost: How it works with an example.,2020-02-11T21:07:51Z,Great video but i'd wish you'd bothered to thoroughly explain the hyper parameters.,2021-12-22T10:28:18Z,2021-12-22T10:28:18Z,0
OQKQHNCVf5k,XGBoost: How it works with an example.,2020-02-11T21:07:51Z,Awesome explanation!,2021-12-07T02:37:13Z,2021-12-07T02:37:13Z,0
OQKQHNCVf5k,XGBoost: How it works with an example.,2020-02-11T21:07:51Z,this video openned up a recursive dependence that took me to watch 213402 more videos. damn,2021-11-26T14:14:03Z,2021-11-26T14:14:03Z,0
OQKQHNCVf5k,XGBoost: How it works with an example.,2020-02-11T21:07:51Z,Character In the video It's great I like it a lot $$,2021-11-06T16:03:16Z,2021-11-06T16:03:16Z,0
OQKQHNCVf5k,XGBoost: How it works with an example.,2020-02-11T21:07:51Z,Thank you for your fabulous video! I enjoy it and understand well!Could you tell me if the output from the xgb classifier gives 'confidence' in a specific output (allowing you to assign a class) ? or is this functionally equivalent to statistical probability of an event occuring?,2021-10-16T02:05:09Z,2021-10-16T02:05:09Z,1
OQKQHNCVf5k,XGBoost: How it works with an example.,2020-02-11T21:07:51Z,Excellent demonstration thanks!!!,2021-09-26T12:44:41Z,2021-09-26T12:44:41Z,0
OQKQHNCVf5k,XGBoost: How it works with an example.,2020-02-11T21:07:51Z,thanks a lot it's perfect: explanation and concept at beginning and then you apply the model,2021-08-27T14:01:27Z,2021-08-27T14:01:27Z,0
OQKQHNCVf5k,XGBoost: How it works with an example.,2020-02-11T21:07:51Z,You have the _perfect_ voice and narration something which I have missed in every other popular ML video lectures and courses.,2021-08-20T15:43:16Z,2021-08-20T15:43:47Z,21
OQKQHNCVf5k,XGBoost: How it works with an example.,2020-02-11T21:07:51Z,Nice clear video thanks :),2021-07-07T21:26:10Z,2021-07-07T21:26:10Z,0
OQKQHNCVf5k,XGBoost: How it works with an example.,2020-02-11T21:07:51Z,I wish you were my teacher when i studied this in school..very clear and concise,2021-03-25T14:51:02Z,2021-03-25T14:51:02Z,2
OQKQHNCVf5k,XGBoost: How it works with an example.,2020-02-11T21:07:51Z,In other words its the wet dream of every Data Scientist?,2021-03-22T15:45:29Z,2021-03-22T15:45:29Z,0
OQKQHNCVf5k,XGBoost: How it works with an example.,2020-02-11T21:07:51Z,so how it works?,2021-03-15T20:31:50Z,2021-03-15T20:31:50Z,0
OQKQHNCVf5k,XGBoost: How it works with an example.,2020-02-11T21:07:51Z,Why don't you upload the notepad !,2021-03-11T16:26:45Z,2021-03-11T16:26:45Z,0
OQKQHNCVf5k,XGBoost: How it works with an example.,2020-02-11T21:07:51Z,Really Nice video great explanation. thanks!,2021-02-01T05:10:30Z,2021-02-01T05:10:30Z,0
OQKQHNCVf5k,XGBoost: How it works with an example.,2020-02-11T21:07:51Z,by far the best xgboost tutorial i have seen. Well done!,2021-01-24T00:20:59Z,2021-01-24T00:20:59Z,2
OQKQHNCVf5k,XGBoost: How it works with an example.,2020-02-11T21:07:51Z,This is How to use it not How it works.,2020-07-23T18:58:47Z,2020-07-23T18:58:47Z,6
OQKQHNCVf5k,XGBoost: How it works with an example.,2020-02-11T21:07:51Z,it's so easy to use it's almost disturbing! I literally LoL'ed at that! :D,2020-07-20T04:03:28Z,2020-07-20T04:14:20Z,13
OQKQHNCVf5k,XGBoost: How it works with an example.,2020-02-11T21:07:51Z,Very clear I love this tutorial!,2020-07-17T08:00:40Z,2020-07-17T08:00:40Z,0
OQKQHNCVf5k,XGBoost: How it works with an example.,2020-02-11T21:07:51Z,not in a critical way but is this a sales pitch for xgboost? :) hahhaha,2020-07-07T07:23:08Z,2020-07-07T07:23:08Z,3
OtD8wVaFm6E,XGBoost Part 1 (of 4): Regression,2019-12-16T14:00:04Z,Corrections:16:50 I say 66 but I meant to say 62.48. However either way the conclusion is the same.22:03 In the original XGBoost documents they use the epsilon symbol to refer to the learning rate but in the actual implementation this is controlled via the eta parameter. So I guess to be consistent with the original documentation I made the same mistake! :)Support StatQuest by buying The StatQuest Illustrated Guide to Machine Learning!!!PDF - https://statquest.gumroad.com/l/wvtmcPaperback - https://www.amazon.com/dp/B09ZCKR4H6Kindle eBook - https://www.amazon.com/dp/B09ZG79HXC,2020-01-14T11:45:39Z,2022-05-11T19:01:07Z,28
OtD8wVaFm6E,XGBoost Part 1 (of 4): Regression,2019-12-16T14:00:04Z,Nowadays I write a bam note for important notes for algorithms.,2022-06-23T11:15:48Z,2022-06-23T11:15:48Z,1
OtD8wVaFm6E,XGBoost Part 1 (of 4): Regression,2019-12-16T14:00:04Z,ÎãπÏã†Ïù¥ Ïö∞Î¶¨ ÍµêÏàòÎ≥¥Îã§ ÎÇ´Îã§... ÏµúÍ≥†!,2022-06-11T19:48:45Z,2022-06-11T19:48:45Z,1
OtD8wVaFm6E,XGBoost Part 1 (of 4): Regression,2019-12-16T14:00:04Z,Hey Josh I really love your contents you are the one who really explains the model details.,2022-06-06T17:09:12Z,2022-06-06T17:11:13Z,1
OtD8wVaFm6E,XGBoost Part 1 (of 4): Regression,2019-12-16T14:00:04Z,1. Higher similarity score = Better?2. How do you determine what gamma is? You just randomly pick it?,2022-06-02T22:28:06Z,2022-06-02T22:28:06Z,0
OtD8wVaFm6E,XGBoost Part 1 (of 4): Regression,2019-12-16T14:00:04Z,From BAM to DANG !,2022-06-01T11:11:51Z,2022-06-01T11:11:51Z,0
OtD8wVaFm6E,XGBoost Part 1 (of 4): Regression,2019-12-16T14:00:04Z,why the initial prediction is set as 0.5? is that average of dosage?,2022-05-30T17:47:39Z,2022-05-30T17:47:39Z,0
OtD8wVaFm6E,XGBoost Part 1 (of 4): Regression,2019-12-16T14:00:04Z,you are my savior. Does the 'gamma' and 'lambda' in this video work the same role as the parameters provided by XGBoost?,2022-05-30T09:05:27Z,2022-05-30T09:05:27Z,0
OtD8wVaFm6E,XGBoost Part 1 (of 4): Regression,2019-12-16T14:00:04Z,Ë¨ùË¨ùÔºÅ,2022-05-27T22:12:03Z,2022-05-27T22:12:03Z,1
OtD8wVaFm6E,XGBoost Part 1 (of 4): Regression,2019-12-16T14:00:04Z,Hooray!,2022-05-23T14:07:47Z,2022-05-23T14:08:24Z,2
OtD8wVaFm6E,XGBoost Part 1 (of 4): Regression,2019-12-16T14:00:04Z,20:31  you say  in other words when lambda >0 then it will reduce the amount that this individual observation adds to the overall prediction  would you please explain this? I'm just wondering what the overall prediction is because you explained it later in the video?do you mean by overall prediction this one: 0.5+(0.3 x -10.5) ?,2022-05-23T12:55:00Z,2022-05-23T13:20:00Z,0
OtD8wVaFm6E,XGBoost Part 1 (of 4): Regression,2019-12-16T14:00:04Z,Awesome!!,2022-05-17T03:57:51Z,2022-05-17T03:57:51Z,1
OtD8wVaFm6E,XGBoost Part 1 (of 4): Regression,2019-12-16T14:00:04Z,This channel is sooo cool!! üöÄüöÄüöÄüî•‚ù§Ô∏èü•∫,2022-05-09T20:03:01Z,2022-05-09T20:03:01Z,1
OtD8wVaFm6E,XGBoost Part 1 (of 4): Regression,2019-12-16T14:00:04Z,Thanks for the awesome content,2022-05-06T11:42:22Z,2022-05-06T11:42:22Z,1
OtD8wVaFm6E,XGBoost Part 1 (of 4): Regression,2019-12-16T14:00:04Z,Hi Josh i recently stumbled up on your videos which are great! At xgb part 1 I was first confused about the phrase xgboost builds a unique regression tree. I guess what you wanted to explain is that xgb produces trees which are all independet to eachother right or did i missed something? ^^ all the best,2022-04-27T15:20:32Z,2022-04-27T15:20:32Z,0
OtD8wVaFm6E,XGBoost Part 1 (of 4): Regression,2019-12-16T14:00:04Z,Could we apply gradient boosted classifier for multiclass classification if yes then how would we compute the initial guess aka the log odds here ...,2022-04-25T14:09:35Z,2022-04-25T14:09:35Z,0
OtD8wVaFm6E,XGBoost Part 1 (of 4): Regression,2019-12-16T14:00:04Z,Awesome explanation. Thanks a lot for this. Just one quick question what if Gain - gamma = 0? Should we prune the branch for this case? Thanks again for these awesome videos. Cheers!,2022-04-20T17:35:01Z,2022-04-20T17:35:01Z,0
OtD8wVaFm6E,XGBoost Part 1 (of 4): Regression,2019-12-16T14:00:04Z,22:09 the Greek letter e is not eta it is epsilon.,2022-04-06T17:00:06Z,2022-04-06T17:00:06Z,0
OtD8wVaFm6E,XGBoost Part 1 (of 4): Regression,2019-12-16T14:00:04Z,you mean 63 at 16:56 not 66?,2022-04-06T16:54:19Z,2022-04-06T16:54:19Z,0
OtD8wVaFm6E,XGBoost Part 1 (of 4): Regression,2019-12-16T14:00:04Z,,2022-03-28T11:37:11Z,2022-03-28T11:37:11Z,1
Y7uNT0alrKk,Complete Beginners Guide to XGBoost Models,2020-08-14T15:46:55Z,Thx a lot.Please could you tell me the difference between softmax and softprop? i read about it but can‚Äôt catch idea,2021-08-30T21:54:06Z,2021-08-30T21:54:06Z,0
Y7uNT0alrKk,Complete Beginners Guide to XGBoost Models,2020-08-14T15:46:55Z,This is amazing! Thank you !!Can you do a video where you demonstrate XGBoost handling missing data and incremental learning ??,2021-03-07T17:52:04Z,2021-03-07T17:52:51Z,1
Y7uNT0alrKk,Complete Beginners Guide to XGBoost Models,2020-08-14T15:46:55Z,Thank you so much!,2021-02-17T21:33:42Z,2021-02-17T21:33:42Z,1
kho6oANGu_A,|Boosting Machine Learning Tutorial || Adaptive Boosting Gradient Boosting XGBoost || Edureka|,2019-06-27T14:19:35Z,Got a question on the topic? Please share it in the comment section below and our experts will answer it for you. For Edureka Python Machine Learning Course curriculum Visit our Website: http://bit.ly/2FBUtO7,2019-06-27T14:21:41Z,2019-06-27T14:21:41Z,1
kho6oANGu_A,|Boosting Machine Learning Tutorial || Adaptive Boosting Gradient Boosting XGBoost || Edureka|,2019-06-27T14:19:35Z,Please can you give datasets in description?,2022-04-27T06:30:16Z,2022-04-27T06:30:16Z,0
kho6oANGu_A,|Boosting Machine Learning Tutorial || Adaptive Boosting Gradient Boosting XGBoost || Edureka|,2019-06-27T14:19:35Z,Thank you Madam To the point explanation.,2022-04-20T15:06:34Z,2022-04-20T15:06:34Z,0
kho6oANGu_A,|Boosting Machine Learning Tutorial || Adaptive Boosting Gradient Boosting XGBoost || Edureka|,2019-06-27T14:19:35Z,Thank you..Can I use adaboost or gradient boost regression methods for ptedicting the more than one output variable ? If yes can you help me out..Thank you,2022-04-05T06:43:29Z,2022-04-05T06:43:29Z,1
kho6oANGu_A,|Boosting Machine Learning Tutorial || Adaptive Boosting Gradient Boosting XGBoost || Edureka|,2019-06-27T14:19:35Z,Really awesome üëå,2021-11-19T10:23:51Z,2021-11-19T10:23:51Z,0
kho6oANGu_A,|Boosting Machine Learning Tutorial || Adaptive Boosting Gradient Boosting XGBoost || Edureka|,2019-06-27T14:19:35Z,Thank you for the detailed explanation,2021-11-06T10:22:24Z,2021-11-06T10:22:24Z,0
kho6oANGu_A,|Boosting Machine Learning Tutorial || Adaptive Boosting Gradient Boosting XGBoost || Edureka|,2019-06-27T14:19:35Z,Nice explaination.Just one doubt : How are Loss-function(in Gboost) and Miss-classification(in Adaboost) different from each other?,2021-09-15T17:46:43Z,2021-09-15T17:46:43Z,3
kho6oANGu_A,|Boosting Machine Learning Tutorial || Adaptive Boosting Gradient Boosting XGBoost || Edureka|,2019-06-27T14:19:35Z,Thank You,2021-08-25T13:34:43Z,2021-08-25T13:34:43Z,1
kho6oANGu_A,|Boosting Machine Learning Tutorial || Adaptive Boosting Gradient Boosting XGBoost || Edureka|,2019-06-27T14:19:35Z,Good graphics and good explanation.  Well done.,2021-06-19T16:55:54Z,2021-06-19T16:55:54Z,0
kho6oANGu_A,|Boosting Machine Learning Tutorial || Adaptive Boosting Gradient Boosting XGBoost || Edureka|,2019-06-27T14:19:35Z,please share the data as well as code,2021-05-25T11:03:12Z,2021-05-25T11:03:12Z,0
kho6oANGu_A,|Boosting Machine Learning Tutorial || Adaptive Boosting Gradient Boosting XGBoost || Edureka|,2019-06-27T14:19:35Z,|Thank you edureka|,2021-03-12T09:47:47Z,2021-03-12T09:47:47Z,1
kho6oANGu_A,|Boosting Machine Learning Tutorial || Adaptive Boosting Gradient Boosting XGBoost || Edureka|,2019-06-27T14:19:35Z,Can we use these boosting techniques along with supervised machine learning algorithms such as svmNB,2020-10-11T15:37:53Z,2020-10-11T15:37:53Z,0
kho6oANGu_A,|Boosting Machine Learning Tutorial || Adaptive Boosting Gradient Boosting XGBoost || Edureka|,2019-06-27T14:19:35Z,That was quite informative. Thanks a lot for the help.  :-),2020-10-01T03:22:27Z,2020-10-01T03:22:27Z,0
kho6oANGu_A,|Boosting Machine Learning Tutorial || Adaptive Boosting Gradient Boosting XGBoost || Edureka|,2019-06-27T14:19:35Z,Good overall understanding :),2020-09-18T03:58:24Z,2020-09-18T03:58:24Z,0
kho6oANGu_A,|Boosting Machine Learning Tutorial || Adaptive Boosting Gradient Boosting XGBoost || Edureka|,2019-06-27T14:19:35Z,Found it really useful. Kudos to the instructor who explained it pretty well. Would love to see more math and animation to understand the concept better but whatever is covered was excellent.,2020-08-13T13:30:20Z,2020-08-13T13:30:20Z,3
kho6oANGu_A,|Boosting Machine Learning Tutorial || Adaptive Boosting Gradient Boosting XGBoost || Edureka|,2019-06-27T14:19:35Z,Well explained,2020-08-03T13:33:32Z,2020-08-03T13:33:32Z,0
kho6oANGu_A,|Boosting Machine Learning Tutorial || Adaptive Boosting Gradient Boosting XGBoost || Edureka|,2019-06-27T14:19:35Z,Fantastic lecture thank you!,2020-06-25T19:40:42Z,2020-06-25T19:40:42Z,1
kho6oANGu_A,|Boosting Machine Learning Tutorial || Adaptive Boosting Gradient Boosting XGBoost || Edureka|,2019-06-27T14:19:35Z,Excellent video. Easy to follow along and understand. Thank you.,2020-06-05T17:36:11Z,2020-06-05T17:36:11Z,0
kho6oANGu_A,|Boosting Machine Learning Tutorial || Adaptive Boosting Gradient Boosting XGBoost || Edureka|,2019-06-27T14:19:35Z,thank you edureka for helping me to increase my accuracy score of my model,2020-05-13T03:36:48Z,2020-05-13T03:36:48Z,2
kho6oANGu_A,|Boosting Machine Learning Tutorial || Adaptive Boosting Gradient Boosting XGBoost || Edureka|,2019-06-27T14:19:35Z,Ultimate crash course....... Whenever I am stuck while making complex models I refer back to Edureka. These people are awesome! Over the last few years Edureka has contributed a lot towards my learning! Kudos to Edureka Kudos to all of the trainers there!,2020-04-25T06:32:05Z,2020-04-25T06:32:05Z,0
PxgVFp5a0E4,|XGBoost Made Easy || Extreme Gradient Boosting || AWS SageMaker|,2021-02-28T18:15:08Z,One of the best contents on the XGBoot subject. SIMPLE yet DEEP into details.,2022-06-21T13:03:41Z,2022-06-21T13:03:41Z,0
PxgVFp5a0E4,|XGBoost Made Easy || Extreme Gradient Boosting || AWS SageMaker|,2021-02-28T18:15:08Z,Excellent video! loved the explanation,2022-04-24T20:53:04Z,2022-04-24T20:53:04Z,1
PxgVFp5a0E4,|XGBoost Made Easy || Extreme Gradient Boosting || AWS SageMaker|,2021-02-28T18:15:08Z,you just tell about gradient boosting what about extreme gradient boosting ?tittle is incorrect ....,2022-04-08T15:30:28Z,2022-04-08T15:32:12Z,0
PxgVFp5a0E4,|XGBoost Made Easy || Extreme Gradient Boosting || AWS SageMaker|,2021-02-28T18:15:08Z,Thank you I needed this,2022-02-24T10:46:38Z,2022-02-24T10:46:38Z,0
PxgVFp5a0E4,|XGBoost Made Easy || Extreme Gradient Boosting || AWS SageMaker|,2021-02-28T18:15:08Z,Really excellent explanation!,2021-12-16T11:56:52Z,2021-12-16T11:56:52Z,1
PxgVFp5a0E4,|XGBoost Made Easy || Extreme Gradient Boosting || AWS SageMaker|,2021-02-28T18:15:08Z,I think it's a tutorial on Gradient Boosting Please make sure and will be happy if you prove me wrong.,2021-11-26T14:57:03Z,2021-11-26T14:57:03Z,1
PxgVFp5a0E4,|XGBoost Made Easy || Extreme Gradient Boosting || AWS SageMaker|,2021-02-28T18:15:08Z,Thanks much!!!  Excellent explanation,2021-11-25T23:18:04Z,2021-11-25T23:18:04Z,1
PxgVFp5a0E4,|XGBoost Made Easy || Extreme Gradient Boosting || AWS SageMaker|,2021-02-28T18:15:08Z,Very nice. I was quite confused in the beginning but the practical example help a lot to understand what is happening in this method.,2021-09-08T14:19:34Z,2021-09-08T14:19:34Z,1
PxgVFp5a0E4,|XGBoost Made Easy || Extreme Gradient Boosting || AWS SageMaker|,2021-02-28T18:15:08Z,Dr. Ryan. How can I cite you? I am writing a report and would like to cite your teachings.,2021-09-07T09:08:23Z,2021-09-07T09:08:23Z,0
PxgVFp5a0E4,|XGBoost Made Easy || Extreme Gradient Boosting || AWS SageMaker|,2021-02-28T18:15:08Z,A novel xg boost tuned machine learning model for software bug prediction We need a video regarding this exactly what I request Plz make a video like that asap,2021-06-10T15:52:15Z,2021-06-10T15:52:15Z,0
PxgVFp5a0E4,|XGBoost Made Easy || Extreme Gradient Boosting || AWS SageMaker|,2021-02-28T18:15:08Z,where can i find the full course?,2021-04-23T16:10:57Z,2021-04-23T16:10:57Z,3
PxgVFp5a0E4,|XGBoost Made Easy || Extreme Gradient Boosting || AWS SageMaker|,2021-02-28T18:15:08Z,Your effort is great I really appreciate your efforts to make the things easy at a root level in this video. I would like to request to prepare one video like the same root level to make the idea of XGboost as easy as possible. How the Dmatrix gamma and lambda parameters works to achieve the best model performance?,2021-03-24T23:30:42Z,2021-03-24T23:30:42Z,0
PxgVFp5a0E4,|XGBoost Made Easy || Extreme Gradient Boosting || AWS SageMaker|,2021-02-28T18:15:08Z,Thanks to Stemplicity you make this profound algorithm easy to understand.,2021-03-06T04:24:58Z,2021-03-06T04:24:58Z,3
AvWfL1Us3Kg,XGBOOST in Python (Hyper parameter tuning),2019-12-31T11:55:04Z,nice,2022-06-19T05:39:19Z,2022-06-19T05:39:19Z,0
AvWfL1Us3Kg,XGBOOST in Python (Hyper parameter tuning),2019-12-31T11:55:04Z,the data was too easy for the model,2022-06-11T19:06:54Z,2022-06-11T19:06:54Z,0
AvWfL1Us3Kg,XGBOOST in Python (Hyper parameter tuning),2019-12-31T11:55:04Z,If your train accuracy is 1 and test accuracy is 0.97 how can you say that the model is overfitted ?  The model is clearly performing very well on the test data. What you can do is perform k-fold cross validation to be more sure that it gives high accuracy on various test sets .... But having high train and test accuracies is not overfitting it means that the data is relatively simple for the model to learn.,2022-05-20T07:09:13Z,2022-05-20T07:09:13Z,0
AvWfL1Us3Kg,XGBOOST in Python (Hyper parameter tuning),2019-12-31T11:55:04Z,Great explaplnation Sir! How can I provide batches of Images by using data generator for image dataset to Xgb classifier model to fit images and labels ??,2022-03-28T17:18:48Z,2022-03-28T17:18:48Z,1
AvWfL1Us3Kg,XGBOOST in Python (Hyper parameter tuning),2019-12-31T11:55:04Z,There is explanation of what they. Hoping you would a video in more detail,2022-01-31T06:47:54Z,2022-01-31T06:47:54Z,0
AvWfL1Us3Kg,XGBOOST in Python (Hyper parameter tuning),2019-12-31T11:55:04Z,Great video. Could you help me fine-tune my model please? I am getting really low training and testing accuracy?,2022-01-12T10:57:49Z,2022-01-12T10:57:49Z,1
AvWfL1Us3Kg,XGBOOST in Python (Hyper parameter tuning),2019-12-31T11:55:04Z,Nice one üëçüèº,2021-11-05T17:19:08Z,2021-11-05T17:19:08Z,0
AvWfL1Us3Kg,XGBOOST in Python (Hyper parameter tuning),2019-12-31T11:55:04Z,Such an informative video about the tunning of xgboost hyperparameter. My question is can we extract mathematical equation for the input and output parameters. For instance I have successfully applied Xgboost regression to predict y parameter using X1 X2 X3 X4 input parameters now how can I get the xgboost's predicting equation between those input and output parameters. Please provide the information in this manner,2021-10-06T16:22:54Z,2021-10-06T16:25:43Z,0
AvWfL1Us3Kg,XGBOOST in Python (Hyper parameter tuning),2019-12-31T11:55:04Z,What is min_child_weight and its significance?,2021-09-18T06:37:55Z,2021-09-18T06:37:55Z,0
AvWfL1Us3Kg,XGBOOST in Python (Hyper parameter tuning),2019-12-31T11:55:04Z,Thank you! Are the parameters for XGBClassifier similar for the XGBRegressor? I can look at the documentations on my own but it‚Äôs late at night for me and I can‚Äôt sleep thinking about it but i also don‚Äôt want to get sucked back into my project (i fixate XD) and i need to sleep hahah‚Ä¶Thank you again though! The video really helped me. I‚Äôm only 3 months into learning data science with python so it feels good every time i finally piece things together.,2021-08-21T06:13:03Z,2021-08-21T06:13:03Z,0
AvWfL1Us3Kg,XGBOOST in Python (Hyper parameter tuning),2019-12-31T11:55:04Z,you could have chosen a better dataset,2021-08-19T05:21:59Z,2021-08-19T05:21:59Z,0
AvWfL1Us3Kg,XGBOOST in Python (Hyper parameter tuning),2019-12-31T11:55:04Z,This is great.,2021-08-18T15:57:45Z,2021-08-18T15:57:45Z,0
AvWfL1Us3Kg,XGBOOST in Python (Hyper parameter tuning),2019-12-31T11:55:04Z,Thank you Mr. Veda!  This is really helpful.  I have a question: is there an efficient way to tune these parameters automaticall?.,2021-07-28T00:54:52Z,2021-07-28T00:54:52Z,0
AvWfL1Us3Kg,XGBOOST in Python (Hyper parameter tuning),2019-12-31T11:55:04Z,Thanks,2021-07-01T03:38:47Z,2021-07-01T03:38:47Z,0
AvWfL1Us3Kg,XGBOOST in Python (Hyper parameter tuning),2019-12-31T11:55:04Z,Thank you this helped in understanding,2021-06-29T11:33:33Z,2021-06-29T11:33:33Z,0
AvWfL1Us3Kg,XGBOOST in Python (Hyper parameter tuning),2019-12-31T11:55:04Z,perfectÔºÅ,2021-05-30T14:00:07Z,2021-05-30T14:00:07Z,0
AvWfL1Us3Kg,XGBOOST in Python (Hyper parameter tuning),2019-12-31T11:55:04Z,Sir this problems also in the gradient boosting? Am i correct?If it in we can do as you explained.If no what have we da sir?Thank you sir your videos are amazing ‚ù§Ô∏è,2021-05-14T13:28:29Z,2021-05-14T13:28:29Z,0
AvWfL1Us3Kg,XGBOOST in Python (Hyper parameter tuning),2019-12-31T11:55:04Z,Fruitful and informative training please share your email for clarifications on some of the issues,2021-04-09T08:04:37Z,2021-04-09T08:04:37Z,0
AvWfL1Us3Kg,XGBOOST in Python (Hyper parameter tuning),2019-12-31T11:55:04Z,Sir I want to use sotmax as objective I have 4 dependent varaibles. How to make xgboost understand that there are 4 such variables? Pls reply.,2021-04-08T07:06:24Z,2021-04-08T07:06:24Z,1
AvWfL1Us3Kg,XGBOOST in Python (Hyper parameter tuning),2019-12-31T11:55:04Z,Thanks Teacher. Love it explanation <3,2021-03-25T12:34:20Z,2021-03-25T12:34:20Z,0
gPciUPwWJQQ,Xgboost Classification Indepth Maths Intuition- Machine Learning Algorithmsüî•üî•üî•üî•,2020-10-12T16:01:17Z,We are near 250k. Please do subscribe my channel and share with all your friends. :),2020-10-12T16:04:13Z,2020-10-12T16:04:13Z,60
gPciUPwWJQQ,Xgboost Classification Indepth Maths Intuition- Machine Learning Algorithmsüî•üî•üî•üî•,2020-10-12T16:01:17Z,Statquest Light !!!!Fantastic effort though.,2022-06-26T14:38:22Z,2022-06-26T14:38:22Z,0
gPciUPwWJQQ,Xgboost Classification Indepth Maths Intuition- Machine Learning Algorithmsüî•üî•üî•üî•,2020-10-12T16:01:17Z,Please put lgbm mathematical explanation sir,2022-05-30T03:16:16Z,2022-05-30T03:16:16Z,0
gPciUPwWJQQ,Xgboost Classification Indepth Maths Intuition- Machine Learning Algorithmsüî•üî•üî•üî•,2020-10-12T16:01:17Z,You are legend sir.,2022-05-23T02:07:01Z,2022-05-23T02:07:01Z,0
gPciUPwWJQQ,Xgboost Classification Indepth Maths Intuition- Machine Learning Algorithmsüî•üî•üî•üî•,2020-10-12T16:01:17Z,Hi thank you very much for this explanation! Great video! But I have one question. In 19:39 you first wrote 0 which is the probability of first row then you added learning rate*similarity weight. My question is instead of 0 shouldn't we write 0.5 which is the average probability of first (base model). 0.5+learning rate*similarity. Please correct me if I am wrong.,2022-04-19T10:45:52Z,2022-04-19T10:45:52Z,1
gPciUPwWJQQ,Xgboost Classification Indepth Maths Intuition- Machine Learning Algorithmsüî•üî•üî•üî•,2020-10-12T16:01:17Z,Hi @krish First of all kudos to you Great videoCan you tell me how xgboost is different from Aprori alogrithm or does it cover every combination as in Aprori cover ( ie it's covers all the combination while creating tree as Aprori will cover for same problem statement)Thanks and love your workKeep rocking,2022-04-10T12:56:53Z,2022-04-10T12:56:53Z,0
gPciUPwWJQQ,Xgboost Classification Indepth Maths Intuition- Machine Learning Algorithmsüî•üî•üî•üî•,2020-10-12T16:01:17Z,Wht is the role of lambda in the similarity weight here.,2022-03-24T06:30:10Z,2022-03-24T06:30:10Z,0
gPciUPwWJQQ,Xgboost Classification Indepth Maths Intuition- Machine Learning Algorithmsüî•üî•üî•üî•,2020-10-12T16:01:17Z,You did not explain the Cover value concept in detail!,2022-03-15T03:13:49Z,2022-03-15T03:13:49Z,0
gPciUPwWJQQ,Xgboost Classification Indepth Maths Intuition- Machine Learning Algorithmsüî•üî•üî•üî•,2020-10-12T16:01:17Z,This is pure gold! Thanks for the tutorial!,2022-01-26T05:35:24Z,2022-01-26T05:35:24Z,0
gPciUPwWJQQ,Xgboost Classification Indepth Maths Intuition- Machine Learning Algorithmsüî•üî•üî•üî•,2020-10-12T16:01:17Z,0-0.6 = -0.6 not 0.4,2022-01-20T19:11:35Z,2022-01-20T19:11:35Z,0
gPciUPwWJQQ,Xgboost Classification Indepth Maths Intuition- Machine Learning Algorithmsüî•üî•üî•üî•,2020-10-12T16:01:17Z,Information gain It's 0.19 instead of 0.21,2022-01-20T18:58:38Z,2022-01-20T18:58:38Z,0
gPciUPwWJQQ,Xgboost Classification Indepth Maths Intuition- Machine Learning Algorithmsüî•üî•üî•üî•,2020-10-12T16:01:17Z,.33-.14=.19,2021-12-25T17:23:50Z,2021-12-25T17:23:50Z,0
gPciUPwWJQQ,Xgboost Classification Indepth Maths Intuition- Machine Learning Algorithmsüî•üî•üî•üî•,2020-10-12T16:01:17Z,This video is pretty much important!,2021-12-09T19:06:43Z,2021-12-09T19:07:09Z,0
gPciUPwWJQQ,Xgboost Classification Indepth Maths Intuition- Machine Learning Algorithmsüî•üî•üî•üî•,2020-10-12T16:01:17Z,its tough to understand in first attempt but thanks for giving the outline so clearly I will watch it untill I understand I implement it from scratch .,2021-11-19T22:01:14Z,2021-11-19T22:01:14Z,0
gPciUPwWJQQ,Xgboost Classification Indepth Maths Intuition- Machine Learning Algorithmsüî•üî•üî•üî•,2020-10-12T16:01:17Z,|Krish I have a question:when you compute the output value you are catching the similarity weighted. I think it is incorrect for classification isn't it? To compute the output you shouldn't square the residuals. THANKS for the video!!|,2021-10-26T21:57:08Z,2021-10-26T21:57:08Z,0
gPciUPwWJQQ,Xgboost Classification Indepth Maths Intuition- Machine Learning Algorithmsüî•üî•üî•üî•,2020-10-12T16:01:17Z,Thank you for your fabulous video! I enjoy it and understand well!Could you tell me if the output from the xgb classifier gives 'confidence' in a specific output (allowing you to assign a class) ? or is this functionally equivalent to statistical probability of an event occuring?,2021-10-16T02:08:29Z,2021-10-16T02:08:29Z,0
gPciUPwWJQQ,Xgboost Classification Indepth Maths Intuition- Machine Learning Algorithmsüî•üî•üî•üî•,2020-10-12T16:01:17Z,What's is the use ?,2021-10-09T11:20:22Z,2021-10-09T11:20:22Z,0
gPciUPwWJQQ,Xgboost Classification Indepth Maths Intuition- Machine Learning Algorithmsüî•üî•üî•üî•,2020-10-12T16:01:17Z,Grt teacher. Just a doubt can't we take the credit as first node?,2021-08-31T19:10:33Z,2021-08-31T19:10:33Z,0
gPciUPwWJQQ,Xgboost Classification Indepth Maths Intuition- Machine Learning Algorithmsüî•üî•üî•üî•,2020-10-12T16:01:17Z,isnt .33 -.14 = .19 ? am I missing something here?,2021-07-25T11:19:22Z,2021-07-25T11:19:22Z,0
gPciUPwWJQQ,Xgboost Classification Indepth Maths Intuition- Machine Learning Algorithmsüî•üî•üî•üî•,2020-10-12T16:01:17Z,Lambda value not calculate why?,2021-07-10T08:21:59Z,2021-07-10T08:21:59Z,0
pLDeMurexlg,|XGBoost Regressor || Regression || Python|,2021-07-23T13:30:09Z,I have a question about the Xgboost algorithm. The question is how parallelization works in the Xgboost algorithm and explain me with an example.,2022-03-11T22:39:20Z,2022-03-11T22:39:20Z,0
pLDeMurexlg,|XGBoost Regressor || Regression || Python|,2021-07-23T13:30:09Z,Is it ok if after applying cross validation we train the model on all X and Y???,2021-08-04T05:53:51Z,2021-08-04T05:55:47Z,0
UEKNMFKxK0M,|Gradient Boosting with XGBoost (5/6) || Machine Learning with Python: Zero to GBMs|,2021-07-17T15:30:11Z,You are a great man ‚ù§Ô∏è,2022-02-15T20:04:07Z,2022-02-15T20:04:07Z,0
UEKNMFKxK0M,|Gradient Boosting with XGBoost (5/6) || Machine Learning with Python: Zero to GBMs|,2021-07-17T15:30:11Z,finished watching,2022-01-16T20:41:35Z,2022-01-16T20:41:35Z,1
UEKNMFKxK0M,|Gradient Boosting with XGBoost (5/6) || Machine Learning with Python: Zero to GBMs|,2021-07-17T15:30:11Z,This video deserves a lot more views than it got!,2021-10-31T23:25:05Z,2021-10-31T23:25:05Z,0
UEKNMFKxK0M,|Gradient Boosting with XGBoost (5/6) || Machine Learning with Python: Zero to GBMs|,2021-07-17T15:30:11Z,Hi Could you please teach us how to balance the imbalance data set ??,2021-08-24T15:42:18Z,2021-08-24T15:42:18Z,1
UEKNMFKxK0M,|Gradient Boosting with XGBoost (5/6) || Machine Learning with Python: Zero to GBMs|,2021-07-17T15:30:11Z,please add subtitles.,2021-07-27T10:49:28Z,2021-07-27T10:49:28Z,0
UEKNMFKxK0M,|Gradient Boosting with XGBoost (5/6) || Machine Learning with Python: Zero to GBMs|,2021-07-17T15:30:11Z,thankyou sir jiüî•üî•,2021-07-20T09:05:00Z,2021-07-20T09:05:00Z,1
UEKNMFKxK0M,|Gradient Boosting with XGBoost (5/6) || Machine Learning with Python: Zero to GBMs|,2021-07-17T15:30:11Z,Good day everyone. I have a question. If a person has never done any of these courses before  no experience what so ever is it a good idea to start here.,2021-07-18T13:20:57Z,2021-07-18T13:20:57Z,0
UEKNMFKxK0M,|Gradient Boosting with XGBoost (5/6) || Machine Learning with Python: Zero to GBMs|,2021-07-17T15:30:11Z,Can we please solve a classification problem using XGboost where we are dealing with Imbalanced dataset,2021-07-18T07:49:23Z,2021-07-18T07:49:23Z,2
UEKNMFKxK0M,|Gradient Boosting with XGBoost (5/6) || Machine Learning with Python: Zero to GBMs|,2021-07-17T15:30:11Z,the best video lecture i have ever seen...your every video is awesome..plz keep it up...thanx a lot,2021-07-17T21:06:31Z,2021-07-17T21:06:31Z,3
UEKNMFKxK0M,|Gradient Boosting with XGBoost (5/6) || Machine Learning with Python: Zero to GBMs|,2021-07-17T15:30:11Z,your content is absolute gold. If possible It would be great if you could do an EDA on something related to customer retention or finance.,2021-07-17T17:33:09Z,2021-07-17T17:33:09Z,3
UEKNMFKxK0M,|Gradient Boosting with XGBoost (5/6) || Machine Learning with Python: Zero to GBMs|,2021-07-17T15:30:11Z,Very good explanations ! Learnt about feature engineering. Thanks for coming live with this üòä,2021-07-17T16:15:02Z,2021-07-17T16:15:02Z,1
C1ahSmQalZY,|Tuning XGBoost in Python||Running XGBoost in Python||How to run XGBoost in python|,2020-09-08T12:35:38Z,how to plot AQI grahps in XGBoost,2022-06-21T02:42:29Z,2022-06-21T02:42:29Z,0
C1ahSmQalZY,|Tuning XGBoost in Python||Running XGBoost in Python||How to run XGBoost in python|,2020-09-08T12:35:38Z,Sir can u share the whole Code linka,2022-05-21T12:39:08Z,2022-05-21T12:39:08Z,0
C1ahSmQalZY,|Tuning XGBoost in Python||Running XGBoost in Python||How to run XGBoost in python|,2020-09-08T12:35:38Z,Can please make a video on  Light Gbm Cat boost and stacking,2022-01-20T07:57:14Z,2022-01-20T07:57:14Z,0
C1ahSmQalZY,|Tuning XGBoost in Python||Running XGBoost in Python||How to run XGBoost in python|,2020-09-08T12:35:38Z,finished watching,2021-12-03T16:58:39Z,2021-12-03T16:58:39Z,0
C1ahSmQalZY,|Tuning XGBoost in Python||Running XGBoost in Python||How to run XGBoost in python|,2020-09-08T12:35:38Z,Can you share your Python codes? URL,2021-09-03T01:56:58Z,2021-09-03T01:56:58Z,0
C1ahSmQalZY,|Tuning XGBoost in Python||Running XGBoost in Python||How to run XGBoost in python|,2020-09-08T12:35:38Z,what about Lamda regularization parameter? is it not required to tune here?,2021-08-15T15:32:11Z,2021-08-15T15:32:11Z,0
C1ahSmQalZY,|Tuning XGBoost in Python||Running XGBoost in Python||How to run XGBoost in python|,2020-09-08T12:35:38Z,In previous video u Said I will take care missing values . In this video it‚Äôs notCovered I  believe .,2021-08-04T12:32:07Z,2021-08-04T12:32:07Z,0
C1ahSmQalZY,|Tuning XGBoost in Python||Running XGBoost in Python||How to run XGBoost in python|,2020-09-08T12:35:38Z,Explained nicely!!But lambda parameter is missing.Also please let us know how lambda gamma & eta values are selected? Can it be done through CV only?,2021-02-25T17:35:06Z,2021-02-25T17:35:06Z,0
C1ahSmQalZY,|Tuning XGBoost in Python||Running XGBoost in Python||How to run XGBoost in python|,2020-09-08T12:35:38Z,Bhai acha sikhatey ho kaafi .. aap ... Subscribe kar diya hai aapko,2021-02-24T23:39:53Z,2021-02-24T23:39:53Z,0
C1ahSmQalZY,|Tuning XGBoost in Python||Running XGBoost in Python||How to run XGBoost in python|,2020-09-08T12:35:38Z,when i am trying torun the code its giving me errorIndependant_features¬†=¬†mydata[:0:8]Dependant_features¬†=¬†mydata[:8]seed¬†=¬†1X_trainX_testy_trainy_test(train_test_split(Independant_featuresDependant_featurestest_size=0.20random_state=seed))NameError: name 'X_train' is not definedCan you please guide when i am trying to run the exact code its giving me error,2021-02-18T08:52:27Z,2021-02-18T08:52:27Z,0
C1ahSmQalZY,|Tuning XGBoost in Python||Running XGBoost in Python||How to run XGBoost in python|,2020-09-08T12:35:38Z,why is the ipynb notebook not provided in this case??Practice is very important i feel in this code,2021-02-18T07:42:39Z,2021-02-18T07:42:39Z,0
C1ahSmQalZY,|Tuning XGBoost in Python||Running XGBoost in Python||How to run XGBoost in python|,2020-09-08T12:35:38Z,great explanation .Need to practice the code,2021-02-18T07:40:32Z,2021-02-18T07:40:32Z,0
C1ahSmQalZY,|Tuning XGBoost in Python||Running XGBoost in Python||How to run XGBoost in python|,2020-09-08T12:35:38Z,Sir how to classify if we have more than 800 classes with multiple classes to classify for one datapoint..with having less dataset overall?,2021-02-04T10:34:12Z,2021-02-04T10:34:12Z,0
C1ahSmQalZY,|Tuning XGBoost in Python||Running XGBoost in Python||How to run XGBoost in python|,2020-09-08T12:35:38Z,Nice explanation!!!. Question: Why not make use of features such as RandomizedSearchCV or GridSearchCV from sklearn.model_selection? Any pros and cons?I love your content. Thanks for sharing.,2020-12-23T23:41:51Z,2020-12-23T23:41:51Z,0
C1ahSmQalZY,|Tuning XGBoost in Python||Running XGBoost in Python||How to run XGBoost in python|,2020-09-08T12:35:38Z,i just fell in love with your beautiful code,2020-12-23T13:27:45Z,2020-12-23T13:27:45Z,0
C1ahSmQalZY,|Tuning XGBoost in Python||Running XGBoost in Python||How to run XGBoost in python|,2020-09-08T12:35:38Z,When we have large dimension  like 1000 variables will is it feable to use. Since its processing time will increase I think as it a squential learning.Also with term of unbalance data how does  it react.  please explain,2020-09-22T14:12:38Z,2020-09-22T14:12:38Z,0
C1ahSmQalZY,|Tuning XGBoost in Python||Running XGBoost in Python||How to run XGBoost in python|,2020-09-08T12:35:38Z,Could u please explain a deep learning model which train numerical weather data to forecast rainfall??,2020-09-08T19:53:53Z,2020-09-08T19:53:53Z,0
C1ahSmQalZY,|Tuning XGBoost in Python||Running XGBoost in Python||How to run XGBoost in python|,2020-09-08T12:35:38Z,Good as usualüëç,2020-09-08T13:25:52Z,2020-09-08T13:25:52Z,1
4rikgkt4IcU,Using XGBoost for Time Series Forecasting in Python ‚ùå XGBoost for Stock Price Prediction Tutorial,2020-10-27T14:00:01Z,Hi there! If you want to stay up to date with the latest machine learning and deep learning tutorials subscribe below. Thank you for your support! https://www.youtube.com/decisionforest?sub_confirmation=1,2020-10-31T17:11:58Z,2020-10-31T17:11:58Z,1
4rikgkt4IcU,Using XGBoost for Time Series Forecasting in Python ‚ùå XGBoost for Stock Price Prediction Tutorial,2020-10-27T14:00:01Z,i tried to sign up to get the code but failed why ?,2022-05-30T17:49:42Z,2022-05-30T17:49:42Z,0
4rikgkt4IcU,Using XGBoost for Time Series Forecasting in Python ‚ùå XGBoost for Stock Price Prediction Tutorial,2020-10-27T14:00:01Z,Nice! I have a time series problem where the data is at daily level for 3 years and we forecast for daily level 2 years out. Currently I use Prophet which works well. Prophet takes care of spike events (holidays) and weekly / yearly seasonality. Can I use XGBoost to do this? Your example here is forecasting one step out which will be like forecasting one day out for my case.,2022-03-25T17:52:22Z,2022-03-25T17:52:22Z,0
4rikgkt4IcU,Using XGBoost for Time Series Forecasting in Python ‚ùå XGBoost for Stock Price Prediction Tutorial,2020-10-27T14:00:01Z,I didn't understand the val objectwhy did u reshape it.Plz give a clarity.Thanks,2022-02-26T14:57:58Z,2022-02-26T14:57:58Z,0
4rikgkt4IcU,Using XGBoost for Time Series Forecasting in Python ‚ùå XGBoost for Stock Price Prediction Tutorial,2020-10-27T14:00:01Z,10:15 Explanation of Walk Forward Method,2022-02-22T06:43:47Z,2022-02-22T06:43:47Z,0
4rikgkt4IcU,Using XGBoost for Time Series Forecasting in Python ‚ùå XGBoost for Stock Price Prediction Tutorial,2020-10-27T14:00:01Z,I read in a research paper to predict time series we may use multiple trajectories. Any insight on what these trajectories are in time series and how to calculate these?,2022-01-11T07:32:22Z,2022-01-11T07:32:22Z,0
4rikgkt4IcU,Using XGBoost for Time Series Forecasting in Python ‚ùå XGBoost for Stock Price Prediction Tutorial,2020-10-27T14:00:01Z,Great video! Another tool in the ML toolbox. Is this different to the Timeseries Cross validation?,2021-12-31T04:52:36Z,2021-12-31T04:52:36Z,0
4rikgkt4IcU,Using XGBoost for Time Series Forecasting in Python ‚ùå XGBoost for Stock Price Prediction Tutorial,2020-10-27T14:00:01Z,Just read a raft of papers telling me that tree based methods are not easily adapted to time series‚Ä¶ if you give them the simplest model ie extrapolation can‚Äôt do. Dude you do this for a living.,2021-09-26T21:47:43Z,2021-09-26T21:48:43Z,0
4rikgkt4IcU,Using XGBoost for Time Series Forecasting in Python ‚ùå XGBoost for Stock Price Prediction Tutorial,2020-10-27T14:00:01Z,You're a great teacher!! Thanks for the lesson ir really helped me!!  üôÇ,2021-09-13T03:26:53Z,2021-09-13T03:26:53Z,1
4rikgkt4IcU,Using XGBoost for Time Series Forecasting in Python ‚ùå XGBoost for Stock Price Prediction Tutorial,2020-10-27T14:00:01Z,Great Information. Thank you for your time!!Once you find the rmse for your train/test model. How can you predict for next 2 years?,2021-08-03T15:23:49Z,2021-08-03T15:23:49Z,0
4rikgkt4IcU,Using XGBoost for Time Series Forecasting in Python ‚ùå XGBoost for Stock Price Prediction Tutorial,2020-10-27T14:00:01Z,Can you show the end prediction results please? Would be very useful as a reference point :),2021-07-28T23:49:56Z,2021-07-28T23:49:56Z,1
4rikgkt4IcU,Using XGBoost for Time Series Forecasting in Python ‚ùå XGBoost for Stock Price Prediction Tutorial,2020-10-27T14:00:01Z,2:52 what is the purpose of debuggers ?,2021-07-28T07:38:33Z,2021-07-28T07:38:33Z,0
4rikgkt4IcU,Using XGBoost for Time Series Forecasting in Python ‚ùå XGBoost for Stock Price Prediction Tutorial,2020-10-27T14:00:01Z,Thankyou for sharing. I got error in pred = xgb_predict(history test_X[0])   and X y = train[: :-1] train[: -1].The error message was IndexError: too many indices for array: array is 0-dimensional but 2 were indexed.Could you please tell me how to resolve this error?,2021-07-21T11:26:55Z,2021-07-21T11:26:55Z,0
4rikgkt4IcU,Using XGBoost for Time Series Forecasting in Python ‚ùå XGBoost for Stock Price Prediction Tutorial,2020-10-27T14:00:01Z,why do you put val into  np.array? Why do not you use encoders and scaler before testing?,2021-07-13T12:12:01Z,2021-07-13T12:52:30Z,1
4rikgkt4IcU,Using XGBoost for Time Series Forecasting in Python ‚ùå XGBoost for Stock Price Prediction Tutorial,2020-10-27T14:00:01Z,you save my day!! thank you from VietNam,2021-07-12T03:37:31Z,2021-07-12T03:37:31Z,0
4rikgkt4IcU,Using XGBoost for Time Series Forecasting in Python ‚ùå XGBoost for Stock Price Prediction Tutorial,2020-10-27T14:00:01Z,If you use df.shift(-1) you include a future information as a regressor. If you want to add a lagged value you must use df.shift(1),2021-06-22T12:31:10Z,2021-06-22T12:31:10Z,0
4rikgkt4IcU,Using XGBoost for Time Series Forecasting in Python ‚ùå XGBoost for Stock Price Prediction Tutorial,2020-10-27T14:00:01Z,model with one variable xD,2021-06-06T14:10:10Z,2021-06-06T14:10:10Z,0
4rikgkt4IcU,Using XGBoost for Time Series Forecasting in Python ‚ùå XGBoost for Stock Price Prediction Tutorial,2020-10-27T14:00:01Z,Great content,2021-05-11T18:34:25Z,2021-05-11T18:34:25Z,0
4rikgkt4IcU,Using XGBoost for Time Series Forecasting in Python ‚ùå XGBoost for Stock Price Prediction Tutorial,2020-10-27T14:00:01Z,Thank you for this very helpful video. Much appreciated!,2021-05-09T09:50:08Z,2021-05-09T09:50:08Z,0
4rikgkt4IcU,Using XGBoost for Time Series Forecasting in Python ‚ùå XGBoost for Stock Price Prediction Tutorial,2020-10-27T14:00:01Z,heyi have a question. can we measure the r2Score of this? I got a negative r2score. Can I know what is the reason?,2021-05-05T17:54:40Z,2021-05-05T17:54:40Z,1
wGdtA09Aq_0,Class 22 Machine learning Boosting theory + Python (AdaBoost GBM and XGBoost),2021-04-13T14:40:19Z,Thank you for providing clarity and insight on this crucial topic.,2022-05-26T19:23:32Z,2022-05-26T19:23:32Z,0
wGdtA09Aq_0,Class 22 Machine learning Boosting theory + Python (AdaBoost GBM and XGBoost),2021-04-13T14:40:19Z,Thank you. Explained clearly..,2022-05-20T21:18:34Z,2022-05-20T21:18:34Z,0
wGdtA09Aq_0,Class 22 Machine learning Boosting theory + Python (AdaBoost GBM and XGBoost),2021-04-13T14:40:19Z,thx for all videos u have. u r a reliable source of info about ML.,2021-11-12T09:15:24Z,2021-11-12T09:15:24Z,2
wGdtA09Aq_0,Class 22 Machine learning Boosting theory + Python (AdaBoost GBM and XGBoost),2021-04-13T14:40:19Z,How do you keep track of new technologies being developed (like lightGBM and catboost)?,2021-04-16T17:07:52Z,2021-04-16T17:07:52Z,2
wGdtA09Aq_0,Class 22 Machine learning Boosting theory + Python (AdaBoost GBM and XGBoost),2021-04-13T14:40:19Z,When using the depth-first approach does that enhance speed or accuracy? Is there a downside to using XGboost.,2021-04-15T05:26:05Z,2021-04-15T05:26:05Z,0
wGdtA09Aq_0,Class 22 Machine learning Boosting theory + Python (AdaBoost GBM and XGBoost),2021-04-13T14:40:19Z,So in AdaBoost each iteration looks at what misclassifications occurred and weights them higher so that in the next iteration we classify them correctly. Does this often lead to overfitting? Because theoretically wouldn't the model end up near perfect for the training data? Or do we similarly set hyperparameters like in DT's that create a stopping point?,2021-04-14T03:50:28Z,2021-04-14T03:50:28Z,0
0ikyjpaUDFQ,Intro to XGBoost Models (decision-tree-based ensemble ML algorithms),2021-08-26T15:30:00Z,You deserve more views and subscribers. This is one of the most precise and well presented explanation on XGBoost. Your voice sounds nice also so that's a plus.,2022-06-12T07:04:32Z,2022-06-12T07:04:32Z,0
0ikyjpaUDFQ,Intro to XGBoost Models (decision-tree-based ensemble ML algorithms),2021-08-26T15:30:00Z,I have a question about the Xgboost algorithm. The question is how parallelization works in the Xgboost algorithm and explain me with an example.,2022-03-11T22:24:02Z,2022-03-11T22:24:02Z,0
0ikyjpaUDFQ,Intro to XGBoost Models (decision-tree-based ensemble ML algorithms),2021-08-26T15:30:00Z,the font is small and you have lots of Left & right margins,2021-11-08T23:51:39Z,2021-11-08T23:51:39Z,0
0ikyjpaUDFQ,Intro to XGBoost Models (decision-tree-based ensemble ML algorithms),2021-08-26T15:30:00Z,I think that in trying to make this video more accessible to beginners it ended up being worse for most people. Someone that is only beginning won't know a lot of terms you used here and won't learn all these concepts with such short explanations and little visuals. And someone who is more advanced won't learn much because you don't go in depth into the concepts code or functionality.I don't think you needed to explain in this video concepts such as cross validation. But some visuals on how XGBoost splits the data trains different trees how and what is carried to the next tree all that would have made this richer.I know I would find it very interesting if you showed how to code those features like early stopping tree pruning and incremental training. Are these done automatically? Is there a way to configure any of it? I would have loved to see a showcase of incremental training seems awesome.Lastly this video felt like an add like I was being sold this lib. Instead of just showing that it got a perfect accuracy on an small artificial dataset why not compare it to other models. It's not that impressive if there are 10 other models that can also achieve this. And how does it compare in terms of training speed or in more complex real world data? It felt like this is a perfect model with no downsides and I should take your word for it that it can do all these great things and it will always get the best results,2021-08-29T22:56:58Z,2021-08-29T22:56:58Z,2
0ikyjpaUDFQ,Intro to XGBoost Models (decision-tree-based ensemble ML algorithms),2021-08-26T15:30:00Z,You're in for a hell of a ride if you try to install xgboost without anaconda (on Mac).,2021-08-28T02:06:26Z,2021-08-28T02:06:26Z,2
0ikyjpaUDFQ,Intro to XGBoost Models (decision-tree-based ensemble ML algorithms),2021-08-26T15:30:00Z,Excellent tutorial. Thank you!,2021-08-28T00:18:57Z,2021-08-28T00:18:57Z,0
0ikyjpaUDFQ,Intro to XGBoost Models (decision-tree-based ensemble ML algorithms),2021-08-26T15:30:00Z,text is small and blurry at 360P I've seen clearer presentations at 360P. Seems the trend is to ignore viewer constraints.,2021-08-27T11:23:43Z,2021-08-27T11:24:52Z,0
-D2Px4b0XQE,Regression Example with XGBRegressor in Python,2020-06-19T03:54:31Z,Thanks for the tutorial!But RMSE is square root of MSE value right!     So RMSE should beRMSE=MSE**(1/2),2021-10-25T06:45:14Z,2021-10-25T06:47:31Z,2
-D2Px4b0XQE,Regression Example with XGBRegressor in Python,2020-06-19T03:54:31Z,Thank you very much! This is a very quick start tutorial I like it.  There is no unnecessary information.,2021-08-04T07:38:14Z,2021-08-04T07:38:14Z,0
-D2Px4b0XQE,Regression Example with XGBRegressor in Python,2020-06-19T03:54:31Z,Thank you for a quick and simple review and showing how easy you can print out the score for the model!,2021-05-14T15:03:05Z,2021-05-14T15:03:05Z,0
-D2Px4b0XQE,Regression Example with XGBRegressor in Python,2020-06-19T03:54:31Z,What is xtrain and ytrain?Can you please explain why xtrain is a 2d array ytrain is a 1d array,2021-03-31T17:40:09Z,2021-03-31T17:40:09Z,0
-D2Px4b0XQE,Regression Example with XGBRegressor in Python,2020-06-19T03:54:31Z,Where is the  data?   You can't just  spit out code and not show us the data you're operating on!  That does not contribute to understanding as you're hiding a key piece of information around how this works.,2020-08-02T18:16:44Z,2020-08-02T18:16:44Z,1
RBKKKb1GSuA,Tutorial 86 - Introduction to Gradient Boosting and XGBoost &amp; LGBM libraries in python,2021-02-25T09:00:06Z,Thank you,2022-04-07T13:42:57Z,2022-04-07T13:42:57Z,0
